{
  "Algeria": {
    "youtube_sentiment": 0.18516665325033094,
    "news_pc1": 4.286112308502197,
    "news_pc2": -11.007740020751953,
    "news_pc3": 0.23210179805755615,
    "news_pc4": 8.67326545715332,
    "news_pc5": 1.5780534744262695,
    "news_pc6": -4.251700401306152,
    "news_pc7": -2.7045841217041016,
    "news_pc8": 9.894475936889648,
    "news_pc9": 3.109102487564087,
    "news_pc10": -1.0023705959320068,
    "news_pc11": -3.1872544288635254
  },
  "Argentina": {
    "youtube_sentiment": 0.2408193247876636,
    "news_pc1": -12.471230506896973,
    "news_pc2": 4.5375471115112305,
    "news_pc3": -4.1158528327941895,
    "news_pc4": 1.7641301155090332,
    "news_pc5": 5.179226398468018,
    "news_pc6": 2.9130444526672363,
    "news_pc7": 1.2982395887374878,
    "news_pc8": 2.470128059387207,
    "news_pc9": 1.76123046875,
    "news_pc10": 4.361952781677246,
    "news_pc11": -2.6278843879699707
  },
  "Australia": {
    "youtube_sentiment": 0.16500395222890057,
    "news_pc1": -5.010563850402832,
    "news_pc2": 2.757394790649414,
    "news_pc3": 5.053364276885986,
    "news_pc4": 7.337386131286621,
    "news_pc5": -5.0802507400512695,
    "news_pc6": 7.950863838195801,
    "news_pc7": -1.9322261810302734,
    "news_pc8": 6.424395561218262,
    "news_pc9": -7.978265285491943,
    "news_pc10": -5.323451995849609,
    "news_pc11": 3.6764793395996094
  },
  "Austria": {
    "youtube_sentiment": 0.2408193247876636,
    "news_pc1": 7.119528293609619,
    "news_pc2": 1.5265079736709595,
    "news_pc3": 5.07834529876709,
    "news_pc4": -2.251821279525757,
    "news_pc5": 4.2665696144104,
    "news_pc6": 6.922324180603027,
    "news_pc7": 2.591343402862549,
    "news_pc8": 4.624744892120361,
    "news_pc9": 0.47277235984802246,
    "news_pc10": 0.9667514562606812,
    "news_pc11": -4.2617878913879395
  },
  "Belgium": {
    "youtube_sentiment": 0.19384969828151646,
    "news_pc1": 7.853640079498291,
    "news_pc2": 0.89980149269104,
    "news_pc3": 1.4349124431610107,
    "news_pc4": -8.323125839233398,
    "news_pc5": -4.958646774291992,
    "news_pc6": -0.1460808962583542,
    "news_pc7": -4.325693607330322,
    "news_pc8": -0.18998117744922638,
    "news_pc9": -1.488495945930481,
    "news_pc10": 3.01430082321167,
    "news_pc11": 1.0835835933685303
  },
  "Bosnia-Herzegovina": {
    "youtube_sentiment": 0.1364836976613836,
    "news_pc1": 6.423979759216309,
    "news_pc2": -0.2175111621618271,
    "news_pc3": 6.724274635314941,
    "news_pc4": 3.167175769805908,
    "news_pc5": 13.457049369812012,
    "news_pc6": 4.488842487335205,
    "news_pc7": -4.253852844238281,
    "news_pc8": -3.924825429916382,
    "news_pc9": -1.4952762126922607,
    "news_pc10": 6.326404094696045,
    "news_pc11": 1.7097166776657104
  },
  "Brazil": {
    "youtube_sentiment": 0.23831708829365078,
    "news_pc1": -10.421228408813477,
    "news_pc2": 3.1044259071350098,
    "news_pc3": -3.079110622406006,
    "news_pc4": -3.6048672199249268,
    "news_pc5": 1.8237652778625488,
    "news_pc6": -1.7729655504226685,
    "news_pc7": 2.1279382705688477,
    "news_pc8": 0.5312988758087158,
    "news_pc9": 1.8914122581481934,
    "news_pc10": -0.9284363985061646,
    "news_pc11": 1.7491575479507446
  },
  "Canada": {
    "youtube_sentiment": 0.33645587367178276,
    "news_pc1": 5.7151947021484375,
    "news_pc2": 1.6684002876281738,
    "news_pc3": 0.47528165578842163,
    "news_pc4": -1.1270887851715088,
    "news_pc5": -12.131263732910156,
    "news_pc6": 7.632789134979248,
    "news_pc7": -2.4937283992767334,
    "news_pc8": -0.9128527045249939,
    "news_pc9": 3.4864673614501953,
    "news_pc10": -1.3373253345489502,
    "news_pc11": -0.009068557992577553
  },
  "Cape Verde": {
    "youtube_sentiment": 0.19137214952555864,
    "news_pc1": 5.575915813446045,
    "news_pc2": -6.639674186706543,
    "news_pc3": -6.952147006988525,
    "news_pc4": 4.618607997894287,
    "news_pc5": -0.5363485217094421,
    "news_pc6": -2.57796573638916,
    "news_pc7": -0.3523564040660858,
    "news_pc8": -4.631076335906982,
    "news_pc9": -1.5334558486938477,
    "news_pc10": -5.294659614562988,
    "news_pc11": -1.3640855550765991
  },
  "Colombia": {
    "youtube_sentiment": 0.09857696280991736,
    "news_pc1": 2.5729522705078125,
    "news_pc2": 8.146636009216309,
    "news_pc3": -10.071386337280273,
    "news_pc4": 2.0834925174713135,
    "news_pc5": -0.6709238290786743,
    "news_pc6": -0.09330672025680542,
    "news_pc7": -1.0806785821914673,
    "news_pc8": -3.481330394744873,
    "news_pc9": 0.8266541957855225,
    "news_pc10": 2.931417226791382,
    "news_pc11": -4.890693664550781
  },
  "Congo DR": {
    "youtube_sentiment": 0.08952048898071625,
    "news_pc1": 6.142971515655518,
    "news_pc2": -4.610921859741211,
    "news_pc3": -3.518650531768799,
    "news_pc4": -0.8190128803253174,
    "news_pc5": -6.744726657867432,
    "news_pc6": -0.8995814323425293,
    "news_pc7": -1.4161882400512695,
    "news_pc8": -4.4610466957092285,
    "news_pc9": -1.2836626768112183,
    "news_pc10": 4.922242641448975,
    "news_pc11": -1.956818699836731
  },
  "Croatia": {
    "youtube_sentiment": 0.21856897869501174,
    "news_pc1": 7.042411804199219,
    "news_pc2": 1.918231725692749,
    "news_pc3": 5.104149341583252,
    "news_pc4": -2.0592265129089355,
    "news_pc5": 6.879560470581055,
    "news_pc6": 7.245609283447266,
    "news_pc7": 0.3267182409763336,
    "news_pc8": -2.626349925994873,
    "news_pc9": -3.183824300765991,
    "news_pc10": -6.664313316345215,
    "news_pc11": 2.768078088760376
  },
  "Ecuador": {
    "youtube_sentiment": 0.1202478172899513,
    "news_pc1": 0.6069924831390381,
    "news_pc2": 10.620973587036133,
    "news_pc3": -10.751323699951172,
    "news_pc4": 4.3675408363342285,
    "news_pc5": -1.0554391145706177,
    "news_pc6": -2.726773977279663,
    "news_pc7": 1.728470802307129,
    "news_pc8": -1.5013049840927124,
    "news_pc9": -0.8781368136405945,
    "news_pc10": 4.776342868804932,
    "news_pc11": 1.367091178894043
  },
  "Egypt": {
    "youtube_sentiment": 0.15279126864870665,
    "news_pc1": -9.830390930175781,
    "news_pc2": -10.654067993164062,
    "news_pc3": 1.0606744289398193,
    "news_pc4": -0.6888280510902405,
    "news_pc5": 4.453328609466553,
    "news_pc6": 2.048788547515869,
    "news_pc7": 4.267862319946289,
    "news_pc8": 2.8328120708465576,
    "news_pc9": 3.4344375133514404,
    "news_pc10": 3.581666946411133,
    "news_pc11": -0.4971984028816223
  },
  "England": {
    "youtube_sentiment": 0.21856897869501174,
    "news_pc1": 3.0605015754699707,
    "news_pc2": 3.6007473468780518,
    "news_pc3": 0.04688708111643791,
    "news_pc4": -5.909505844116211,
    "news_pc5": -3.4861860275268555,
    "news_pc6": -5.911549091339111,
    "news_pc7": 9.115323066711426,
    "news_pc8": 6.646266460418701,
    "news_pc9": -0.6209772825241089,
    "news_pc10": 2.9402735233306885,
    "news_pc11": 10.570930480957031
  },
  "France": {
    "youtube_sentiment": 0.1744163309684143,
    "news_pc1": -4.943750381469727,
    "news_pc2": -1.6636395454406738,
    "news_pc3": 2.63094162940979,
    "news_pc4": -7.595190048217773,
    "news_pc5": -2.2590510845184326,
    "news_pc6": -8.757083892822266,
    "news_pc7": -10.696630477905273,
    "news_pc8": 4.121544361114502,
    "news_pc9": -3.6195757389068604,
    "news_pc10": -1.9919853210449219,
    "news_pc11": -5.311635971069336
  },
  "Germany": {
    "youtube_sentiment": 0.09681468860187868,
    "news_pc1": -7.467452526092529,
    "news_pc2": 2.092639446258545,
    "news_pc3": 10.042619705200195,
    "news_pc4": -4.495641708374023,
    "news_pc5": 2.112839937210083,
    "news_pc6": -1.7779263257980347,
    "news_pc7": -2.986502170562744,
    "news_pc8": 0.5707145929336548,
    "news_pc9": 3.1623873710632324,
    "news_pc10": 5.246924877166748,
    "news_pc11": 0.8331740498542786
  },
  "Ghana": {
    "youtube_sentiment": 0.04590360655291211,
    "news_pc1": 2.5828728675842285,