{
  "Algeria": {
    "youtube_sentiment": 0.18516665325033094,
    "news_pc1": -4.142564296722412,
    "news_pc2": -9.39024829864502,
    "news_pc3": -6.687304496765137,
    "news_pc4": 4.0749030113220215,
    "news_pc5": -8.38447380065918,
    "news_pc6": -1.7859327793121338,
    "news_pc7": 1.8896009922027588,
    "news_pc8": 1.821231484413147,
    "news_pc9": 0.34760552644729614,
    "news_pc10": 3.5343339443206787,
    "news_pc11": 2.161302089691162
  },
  "Argentina": {
    "youtube_sentiment": 0.2408193247876636,
    "news_pc1": -6.8543171882629395,
    "news_pc2": 3.8135552406311035,
    "news_pc3": -9.404289245605469,
    "news_pc4": 0.9082927703857422,
    "news_pc5": 2.8219962120056152,
    "news_pc6": -2.7286438941955566,
    "news_pc7": -1.396111249923706,
    "news_pc8": 5.552334308624268,
    "news_pc9": -0.5210298895835876,
    "news_pc10": -0.01922249048948288,
    "news_pc11": 0.05822638049721718
  },
  "Australia": {
    "youtube_sentiment": 0.16500395222890057,
    "news_pc1": -4.704233169555664,
    "news_pc2": -1.7653297185897827,
    "news_pc3": 0.9305469989776611,
    "news_pc4": 12.304089546203613,
    "news_pc5": 4.257199764251709,
    "news_pc6": 3.9724371433258057,
    "news_pc7": -2.4901981353759766,
    "news_pc8": -9.01370906829834,
    "news_pc9": -2.2975080013275146,
    "news_pc10": -0.007128448691219091,
    "news_pc11": -0.99433833360672
  },
  "Austria": {
    "youtube_sentiment": 0.2408193247876636,
    "news_pc1": -6.078691482543945,
    "news_pc2": -9.899520874023438,
    "news_pc3": -3.910616636276245,
    "news_pc4": 7.294881343841553,
    "news_pc5": -7.490524768829346,
    "news_pc6": -1.5113651752471924,
    "news_pc7": 2.9031946659088135,
    "news_pc8": 4.724682807922363,
    "news_pc9": 0.46304669976234436,
    "news_pc10": 1.5364651679992676,
    "news_pc11": 5.322238445281982
  },
  "Bosnia-Herzegovina": {
    "youtube_sentiment": 0.1364836976613836,
    "news_pc1": 8.466751098632812,
    "news_pc2": -0.8336365222930908,
    "news_pc3": 3.722088098526001,
    "news_pc4": 8.910737991333008,
    "news_pc5": -1.4636669158935547,
    "news_pc6": -8.824524879455566,
    "news_pc7": 2.5050363540649414,
    "news_pc8": 2.356703519821167,
    "news_pc9": 0.0136455949395895,
    "news_pc10": -1.5905706882476807,
    "news_pc11": -3.339552640914917
  },
  "Brazil": {
    "youtube_sentiment": 0.23831708829365078,
    "news_pc1": -7.542438983917236,
    "news_pc2": 5.0569539070129395,
    "news_pc3": 2.7580084800720215,
    "news_pc4": -3.50393009185791,
    "news_pc5": 0.2678205072879791,
    "news_pc6": 0.7198200225830078,
    "news_pc7": -2.4721195697784424,
    "news_pc8": 1.388806939125061,
    "news_pc9": 0.8296321630477905,
    "news_pc10": 6.85745906829834,
    "news_pc11": -4.4385600090026855
  },
  "Canada": {
    "youtube_sentiment": 0.33645587367178276,
    "news_pc1": 0.0,
    "news_pc2": 0.0,
    "news_pc3": 0.0,
    "news_pc4": 0.0,
    "news_pc5": 0.0,
    "news_pc6": 0.0,
    "news_pc7": 0.0,
    "news_pc8": 0.0,
    "news_pc9": 0.0,
    "news_pc10": 0.0,
    "news_pc11": 0.0
  },
  "Colombia": {
    "youtube_sentiment": 0.09857696280991736,
    "news_pc1": -2.2819995880126953,
    "news_pc2": 10.962748527526855,
    "news_pc3": -4.349366664886475,
    "news_pc4": -1.430566668510437,
    "news_pc5": 0.8198434114456177,
    "news_pc6": -1.5985057353973389,
    "news_pc7": -1.3302363157272339,
    "news_pc8": 5.648521900177002,
    "news_pc9": 5.336552143096924,
    "news_pc10": -1.6818130016326904,
    "news_pc11": 4.110618591308594
  },
  "Croatia": {
    "youtube_sentiment": 0.21856897869501174,
    "news_pc1": 6.850838661193848,
    "news_pc2": 0.1619744747877121,
    "news_pc3": 7.031975746154785,
    "news_pc4": 3.7737181186676025,
    "news_pc5": 0.9714776277542114,
    "news_pc6": -9.556341171264648,
    "news_pc7": -3.6328158378601074,
    "news_pc8": -0.948859453201294,
    "news_pc9": 1.4123332500457764,
    "news_pc10": -1.316421389579773,
    "news_pc11": -1.5130598545074463
  },
  "Ecuador": {
    "youtube_sentiment": 0.1202478172899513,
    "news_pc1": -10.568012237548828,
    "news_pc2": 4.132368087768555,
    "news_pc3": 0.6268966197967529,
    "news_pc4": -2.1617109775543213,
    "news_pc5": 3.7231802940368652,
    "news_pc6": 2.2224323749542236,
    "news_pc7": 3.0446267127990723,
    "news_pc8": 4.058099746704102,
    "news_pc9": 0.9540677666664124,
    "news_pc10": -7.258401393890381,
    "news_pc11": -4.669639587402344
  },
  "Egypt": {
    "youtube_sentiment": 0.15279126864870665,
    "news_pc1": 7.208470821380615,
    "news_pc2": -13.855084419250488,
    "news_pc3": -5.593207836151123,
    "news_pc4": -4.344000339508057,
    "news_pc5": 11.213157653808594,
    "news_pc6": -0.9624875783920288,
    "news_pc7": -0.6751347780227661,
    "news_pc8": 1.7655102014541626,
    "news_pc9": 1.1806362867355347,
    "news_pc10": -0.2834961414337158,
    "news_pc11": -0.21357928216457367
  },
  "England": {
    "youtube_sentiment": 0.21856897869501174,
    "news_pc1": -6.270536422729492,
    "news_pc2": -2.6491119861602783,
    "news_pc3": -2.4188413619995117,
    "news_pc4": -7.712555408477783,
    "news_pc5": -0.11681503802537918,
    "news_pc6": 8.609619140625,
    "news_pc7": 2.4351046085357666,
    "news_pc8": -8.371021270751953,
    "news_pc9": 1.655279517173767,
    "news_pc10": -2.252739667892456,
    "news_pc11": 2.0034244060516357
  },
  "France": {
    "youtube_sentiment": 0.1744163309684143,
    "news_pc1": 6.362062931060791,
    "news_pc2": 2.574462413787842,
    "news_pc3": 0.28466564416885376,
    "news_pc4": -3.6496920585632324,
    "news_pc5": -2.2816317081451416,
    "news_pc6": -2.630251169204712,
    "news_pc7": -0.2823191285133362,
    "news_pc8": -6.014855861663818,
    "news_pc9": 10.02896499633789,
    "news_pc10": -6.4686598777771,
    "news_pc11": -0.6932316422462463
  },
  "Germany": {
    "youtube_sentiment": 0.09681468860187868,
    "news_pc1": -3.618546962738037,
    "news_pc2": 4.228565692901611,
    "news_pc3": 0.45862144231796265,
    "news_pc4": 0.05062301456928253,
    "news_pc5": 0.4698698818683624,
    "news_pc6": 2.9556782245635986,
    "news_pc7": 8.078960418701172,
    "news_pc8": 5.3851141929626465,
    "news_pc9": -0.18922239542007446,
    "news_pc10": -2.928157091140747,
    "news_pc11": -7.964323043823242
  },
  "Ghana": {
    "youtube_sentiment": 0.04590360655291211,
    "news_pc1": 12.602448463439941,
    "news_pc2": 1.7195897102355957,
    "news_pc3": -3.701503276824951,
    "news_pc4": 1.3593348264694214,
    "news_pc5": -3.394770383834839,
    "news_pc6": 3.974813222885132,
    "news_pc7": -8.715476989746094,
    "news_pc8": -0.12937989830970764,
    "news_pc9": 1.9412415027618408,
    "news_pc10": -0.9633454084396362,
    "news_pc11": -3.8394975662231445
  },
  "Iran": {
    "youtube_sentiment": 0.21841305991462245,
    "news_pc1": 6.6144118309021,
    "news_pc2": -12.80568790435791,
    "news_pc3": -4.539921760559082,
    "news_pc4": -3.4681129455566406,
    "news_pc5": 12.371513366699219,
    "news_pc6": -1.2862598896026611,
    "news_pc7": 1.520432472229004,
    "news_pc8": 1.7419204711914062,
    "news_pc9": 0.4974786937236786,
    "news_pc10": 0.6152679920196533,
    "news_pc11": -0.9692378640174866
  },
  "Ivory Coast": {
    "youtube_sentiment": 0.17458399470899474,
    "news_pc1": 2.607436180114746,
    "news_pc2": -5.190667152404785,
    "news_pc3": -4.850810527801514,
    "news_pc4": -2.231982946395874,
    "news_pc5": -7.699183940887451,
    "news_pc6": 7.989832878112793,
    "news_pc7": -4.191643238067627,
    "news_pc8": 2.4007811546325684,
    "news_pc9": -6.033939838409424,
    "news_pc10": -6.369723320007324,
    "news_pc11": -0.7949606776237488
  },
  "Japan": {
    "youtube_sentiment": 0.21439470003858024,
    "news_pc1": -8.966583251953125,
    "news_pc2": -2.011019229888916,
    "news_pc3": 11.683512687683105,
    "news_pc4": -0.7836374044418335,
    "news_pc5": 4.612552165985107,
    "news_pc6": 0.8429708480834961,